StartDate,EndDate,Status,Progress,Duration (in seconds),Finished,RecordedDate,ResponseId,DistributionChannel,UserLanguage,consent,age,education,major,ideology,partisanship,partisanship_4_TEXT,news,cc_control,cc_t1,cc_t2,debate_background,dem_feelings_1,health_control,health_approve_t1,health_disapprove_t2,impeach_control,impeach_approve_t1,impeach_demapprove_t,import_issues_0_GROUP,import_issues_0_1_RANK,import_issues_0_4_RANK,import_issues_0_5_RANK,import_issues_0_6_RANK,import_issues_0_7_RANK,import_issues_0_8_RANK,import_issues_0_9_RANK,import_issues_0_10_RANK,import_issues_0_11_RANK,import_issues_0_12_RANK,import_issues_0_14_RANK,import_issues_0_13_RANK,import_issues_13_TEXT,employ_rate,secretary_state,secretary_state_DO,gorsuch,gorsuch_DO,FL_20_DO,FL_22_DO,FL_24_DO,FL_26_DO,ClimateChange-Priming_DO,Democratic_Debate-Video_DO,Healthcare-Priming_DO,Impeachment-Priming_DO,PoliticalKnowledge_DO
Start Date,End Date,Response Type,Progress,Duration (in seconds),Finished,Recorded Date,Response ID,Distribution Channel,User Language,"Dear Respondent:
You are invited to participate in an online survey conducted by Kristen Akey in collaboration with Columbia University in the City of New York (New York, USA) (IRB Protocol #IRB-AAAS7676). The survey will include a short video (~30 seconds long with sound) and should take approximately 4 minutes to complete.
PARTICIPATION Your participation in the survey is completely voluntary. You may refuse to participate in thesurvey or exit it at any time without any penalties. However, your participation is greatly appreciated and is necessary for the success and completion of this research.
CONFIDENTIALITYThe author of the study will use all the information obtained during the surveys only in anaggregated form. Columbia University IRB and the US Office of Human Research Protectionsmay obtain access to de-identified data collected during the surveys.
RISKSYour participation in the survey does not involve any additional risks for you other than thoseencountered in day-to-day life.
CONTACTIf you have questions about the procedures used in this study, you may contact its author bysending an email with the title ""Survey Research"" to Kristen Akey at kka2120@barnard.edu or Donald Green at dpg2110@columbia.edu. If you have any questions about your rights or responsibilities as a research participant, please contact the Columbia University Human Research Protection Office at: Phone +1 212-851-7040; Email askirb@columbia.edu.
ELECTRONIC CONSENTBy clicking the ""Agree"" button below, you confirm that you have heard and agree to the terms of the survey above, and allow the authors of the survey to use your responses in a de-personalized and aggregated form.",How old are you?,What is the highest level of school you have completed or the highest degree you have received?,"If you are a student, what is your area of study?","In general, how would you describe your own political viewpoint?","Do you consider yourself a Republican, a Democrat, or Independent? - Selected Choice","Do you consider yourself a Republican, a Democrat, or Independent? - Other - Text",I keep myself regularly updated with political news and events.,Climate change has come up in the news a lot frequently. Do you think it is realistic or unrealistic for the U.S. to transition to 100% renewable energy sources by the year 2050?,Climate change has come up in the news a lot frequently. A recent poll found 38% of Americans think it is realistic for the U.S to transition to 100% renewable energy sources by the year 2050. Do you think this goal is realistic or unrealistic?,Climate change has come up in the news a lot frequently. A recent poll found 35% of Americans think it is unrealistic for the U.S to transition to 100% renewable energy sources by the year 2050. Do you think this goal is unrealistic or realistic?,Did you watch the first Democratic primary debate?,"7.	As of today, what are your feelings towards the current selection of Democratic presidential candidates? - Feeling Thermometer","Healthcare can be a divisive topic. Do you generally approve or disapprove of the 2010 Affordable Care Act, signed into law by President Obama that restructured the U.S healthcare system?","Healthcare can be a divisive topic. A poll from earlier this year found 50% of Americans approve the Affordable Care Act. Do you generally approve or disapprove of the 2010 Affordable Care Act, signed into law by President Obama that restructured the U.S healthcare system?","Healthcare can be a divisive topic. A poll from earlier this year found 48% of Americans disapprove the Affordable Care Act. Do you generally approve or disapprove of the 2010 Affordable Care Act, signed into law by President Obama that restructured the U.S healthcare system?",Public hearings of the impeachment inquiry into President Trump began November 13th. Do you think that Donald Trump should or should not be impeached and removed from office?,Public hearings of the impeachment inquiry into President Trump began November 13th. A recent poll finds 54% currently approve of the House’s decision to conduct an impeachment inquiry. Do you think that Donald Trump should or should not be impeached and removed from office?,Public hearings of the impeachment inquiry into President Trump began November 13th. A recent poll finds 89% of Democrats and Democratic leaners approve of the House’s decision to conduct an impeachment inquiry. Do you think that Donald Trump should or should not be impeached and removed from office?,What do you think is the most important problem facing the country today? Please rank at least five of the following issues in order of importance. - Groups - Most Important Problems,What do you think is the most important problem facing the country today? Please rank at least five of the following issues in order of importance. - Ranks - Most Important Problems - The economy - Rank,What do you think is the most important problem facing the country today? Please rank at least five of the following issues in order of importance. - Ranks - Most Important Problems - Gap between rich and poor - Rank,What do you think is the most important problem facing the country today? Please rank at least five of the following issues in order of importance. - Ranks - Most Important Problems - The government/Poor leadership - Rank,What do you think is the most important problem facing the country today? Please rank at least five of the following issues in order of importance. - Ranks - Most Important Problems - Immigration - Rank,What do you think is the most important problem facing the country today? Please rank at least five of the following issues in order of importance. - Ranks - Most Important Problems - Healthcare - Rank,What do you think is the most important problem facing the country today? Please rank at least five of the following issues in order of importance. - Ranks - Most Important Problems - Race relations/Racism - Rank,What do you think is the most important problem facing the country today? Please rank at least five of the following issues in order of importance. - Ranks - Most Important Problems - Unifying the country - Rank,What do you think is the most important problem facing the country today? Please rank at least five of the following issues in order of importance. - Ranks - Most Important Problems - Environment/Pollution/Climate change - Rank,What do you think is the most important problem facing the country today? Please rank at least five of the following issues in order of importance. - Ranks - Most Important Problems - Election reform - Rank,What do you think is the most important problem facing the country today? Please rank at least five of the following issues in order of importance. - Ranks - Most Important Problems - Impeachment - Rank,What do you think is the most important problem facing the country today? Please rank at least five of the following issues in order of importance. - Ranks - Most Important Problems - Ethics/moral/religious/family decline - Rank,What do you think is the most important problem facing the country today? Please rank at least five of the following issues in order of importance. - Ranks - Most Important Problems - Other - Rank,What do you think is the most important problem facing the country today? Please rank at least five of the following issues in order of importance. - Other - Text,Is the national unemployment rate as reported by the government currently closer to…?,Who is the Trump administration’s Secretary of State?,Who is the Trump administration’s Secretary of State? - Display Order,Is Neil Gorsuch…,Is Neil Gorsuch… - Display Order,FL_20 - Block Randomizer - Display Order,FL_22 - Block Randomizer - Display Order,FL_24 - Block Randomizer - Display Order,FL_26 - Block Randomizer - Display Order,Climate Change-Priming - Display Order,Democratic_Debate-Video - Display Order,Healthcare - Priming - Display Order,Impeachment - Priming - Display Order,Political Knowledge - Display Order
"{""ImportId"":""startDate"",""timeZone"":""America/Denver""}","{""ImportId"":""endDate"",""timeZone"":""America/Denver""}","{""ImportId"":""status""}","{""ImportId"":""progress""}","{""ImportId"":""duration""}","{""ImportId"":""finished""}","{""ImportId"":""recordedDate"",""timeZone"":""America/Denver""}","{""ImportId"":""_recordId""}","{""ImportId"":""distributionChannel""}","{""ImportId"":""userLanguage""}","{""ImportId"":""QID125""}","{""ImportId"":""QID126_TEXT""}","{""ImportId"":""QID94""}","{""ImportId"":""QID95""}","{""ImportId"":""QID96""}","{""ImportId"":""QID97""}","{""ImportId"":""QID97_4_TEXT""}","{""ImportId"":""QID99""}","{""ImportId"":""QID103""}","{""ImportId"":""QID102""}","{""ImportId"":""QID104""}","{""ImportId"":""QID106""}","{""ImportId"":""QID107_1""}","{""ImportId"":""QID112""}","{""ImportId"":""QID111""}","{""ImportId"":""QID113""}","{""ImportId"":""QID114""}","{""ImportId"":""QID116""}","{""ImportId"":""QID115""}","{""ImportId"":""QID128_0_GROUP""}","{""ImportId"":""QID128_G0_1_RANK""}","{""ImportId"":""QID128_G0_4_RANK""}","{""ImportId"":""QID128_G0_5_RANK""}","{""ImportId"":""QID128_G0_6_RANK""}","{""ImportId"":""QID128_G0_7_RANK""}","{""ImportId"":""QID128_G0_8_RANK""}","{""ImportId"":""QID128_G0_9_RANK""}","{""ImportId"":""QID128_G0_10_RANK""}","{""ImportId"":""QID128_G0_11_RANK""}","{""ImportId"":""QID128_G0_12_RANK""}","{""ImportId"":""QID128_G0_14_RANK""}","{""ImportId"":""QID128_G0_13_RANK""}","{""ImportId"":""QID128_13_TEXT""}","{""ImportId"":""QID122""}","{""ImportId"":""QID123""}","{""ImportId"":""QID123_DO""}","{""ImportId"":""QID124""}","{""ImportId"":""QID124_DO""}","{""ImportId"":""FL_20_DO""}","{""ImportId"":""FL_22_DO""}","{""ImportId"":""FL_24_DO""}","{""ImportId"":""FL_26_DO""}","{""ImportId"":""BL_0IgU1nEJdtOXtNr_DO""}","{""ImportId"":""BL_6fcW0ttMJSegZ49_DO""}","{""ImportId"":""BL_5AUaGmdgW4Pgksd_DO""}","{""ImportId"":""BL_8hRP7hTczQWItVj_DO""}","{""ImportId"":""BL_87y6UsMicy80Mo5_DO""}"
11/24/19 12:30,11/24/19 12:36,0,100,342,1,11/24/19 12:36,R_3HYcmIL930MctZ0,anonymous,EN,1,21,3,9,5,2,,7,,,2,5,90,,2,,,1,,"10,4,6,8,7,11",,2,,3,5,4,,1,6,,,,,2,3,3|4|2|1,2,1|4|3|2,ClimateChange-Priming,Democratic_Debate-Video,Healthcare-Priming,Impeachment-Priming,cc_t2,debate_fox_t2,health_approve_t1,impeach_approve_t1,gorsuch|secretary_state|employ_rate
11/24/19 12:33,11/24/19 12:40,0,100,415,1,11/24/19 12:40,R_3irOunKv8xu0BxD,anonymous,EN,1,19,2,,5,2,,6,,1,,5,80,1,,,,1,,"10,7,4,8,11",,3,,,2,4,,1,5,,,,,2,4,3|4|1|2,2,1|4|3|2,ClimateChange-Priming,Democratic_Debate-Video,Healthcare-Priming,Impeachment-Priming,cc_t1,debate_control,health_control,impeach_approve_t1,gorsuch|employ_rate|secretary_state
11/24/19 12:52,11/24/19 12:56,0,100,227,1,11/24/19 12:56,R_1eXHuuDUXp2AI0s,anonymous,EN,1,21,2,,4,2,,5,,,2,1,73,,,2,2,,,"4,10,6,9,8",,1,,3,,5,4,2,,,,,,1,4,3|2|4|1,3,1|3|4|2,ClimateChange-Priming,Democratic_Debate-Video,Healthcare-Priming,Impeachment-Priming,cc_t2,debate_fox_t2,health_disapprove_t2,impeach_control,employ_rate|gorsuch|secretary_state
11/24/19 13:00,11/24/19 13:03,0,100,157,1,11/24/19 13:03,R_1NxHFtB5MdYJbwv,anonymous,EN,1,20,3,9,5,2,,6,,,1,5,85,,,2,,1,,,,,,,,,,,,,,,,2,3,1|2|4|3,2,2|4|3|1,ClimateChange-Priming,Democratic_Debate-Video,Healthcare-Priming,Impeachment-Priming,cc_t2,debate_fox_t2,health_disapprove_t2,impeach_approve_t1,employ_rate|gorsuch|secretary_state
11/24/19 13:02,11/24/19 13:09,0,100,385,1,11/24/19 13:09,R_ypWFdqawhlGR8Yx,anonymous,EN,1,21,3,8,5,3,,5,,1,,5,47,,,3,1,,,"10,6,8,4,5,7",,4,5,2,6,3,,1,,,,,,2,4,3|4|1|2,4,1|2|4|3,ClimateChange-Priming,Democratic_Debate-Video,Healthcare-Priming,Impeachment-Priming,cc_t1,debate_noah_t1,health_disapprove_t2,impeach_control,secretary_state|gorsuch|employ_rate
11/24/19 13:16,11/24/19 13:20,0,100,225,1,11/24/19 13:20,R_3qrgxc6ZzC4UlPW,anonymous,EN,1,20,3,9,5,2,,5,,1,,3,50,,1,,1,,,"10,7,6,4,5",,4,5,3,2,,,1,,,,,,2,4,2|4|1|3,4,4|1|3|2,ClimateChange-Priming,Democratic_Debate-Video,Healthcare-Priming,Impeachment-Priming,cc_t1,debate_control,health_approve_t1,impeach_control,gorsuch|employ_rate|secretary_state
11/24/19 13:17,11/24/19 13:21,0,100,201,1,11/24/19 13:21,R_1dLYojfLM6KewUR,anonymous,EN,1,21,3,9,5,2,,7,,,2,5,90,1,,,,,1,"10,7,6,4,11",,4,,3,2,,,1,5,,,,,1,4,4|3|1|2,2,2|3|1|4,ClimateChange-Priming,Democratic_Debate-Video,Healthcare-Priming,Impeachment-Priming,cc_t2,debate_control,health_control,impeach_demapprove_t,secretary_state|gorsuch|employ_rate
11/24/19 13:31,11/24/19 13:36,0,100,311,1,11/24/19 13:36,R_333lBGs1zYxxMGA,anonymous,EN,1,20,4,,3,3,,6,1,,,3,85,,,2,,,1,"9,4,10,7,11,6,5,14,8,12,1",11,2,7,6,4,9,1,3,5,10,8,,,2,4,4|1|3|2,2,3|4|2|1,ClimateChange-Priming,Democratic_Debate-Video,Healthcare-Priming,Impeachment-Priming,cc_control,debate_noah_t1,health_disapprove_t2,impeach_demapprove_t,gorsuch|employ_rate|secretary_state
11/24/19 13:28,11/24/19 13:49,0,100,1265,1,11/24/19 13:49,R_2fvyDWJdqWhsb0n,anonymous,EN,1,22,3,8,4,3,,6,1,,,3,65,1,,,,1,,"10,7,6,8,14,1,5",6,,7,3,2,4,,1,,,5,,,1,4,2|3|4|1,2,1|4|3|2,ClimateChange-Priming,Democratic_Debate-Video,Healthcare-Priming,Impeachment-Priming,cc_control,debate_control,health_control,impeach_approve_t1,secretary_state|gorsuch|employ_rate
11/24/19 13:54,11/24/19 13:57,0,100,147,1,11/24/19 13:57,R_1Lvw2DW7F8kjEDI,anonymous,EN,1,20,5,,5,2,,6,3,,,2,68,1,,,1,,,"4,6,10,7,12",,1,,2,4,,,3,,5,,,,1,3,3|4|2|1,4,3|1|4|2,ClimateChange-Priming,Democratic_Debate-Video,Healthcare-Priming,Impeachment-Priming,cc_control,debate_control,health_control,impeach_control,secretary_state|gorsuch|employ_rate
11/24/19 14:10,11/24/19 14:17,0,100,362,1,11/24/19 14:17,R_3scBSQrutWxfy82,anonymous,EN,1,18,2,,4,2,,3,,,2,1,78,,1,,,2,,"4,10,6,7,8,11",,1,,3,4,5,,2,6,,,,,2,2,4|3|2|1,2,4|2|1|3,ClimateChange-Priming,Democratic_Debate-Video,Healthcare-Priming,Impeachment-Priming,cc_t2,debate_fox_t2,health_approve_t1,impeach_approve_t1,employ_rate|gorsuch|secretary_state
11/24/19 14:29,11/24/19 14:33,0,100,236,1,11/24/19 14:33,R_Re7ghJzbVoa7tbr,anonymous,EN,1,18,2,,5,3,,5,,1,,5,71,,1,,3,,,"4,10,8,11,6",,1,,5,,3,,2,4,,,,,1,3,1|3|2|4,1,2|3|4|1,ClimateChange-Priming,Democratic_Debate-Video,Healthcare-Priming,Impeachment-Priming,cc_t1,debate_noah_t1,health_approve_t1,impeach_control,employ_rate|gorsuch|secretary_state
11/24/19 14:53,11/24/19 14:57,0,100,268,1,11/24/19 14:57,R_06eINwbFGr653ix,anonymous,EN,1,21,3,10,5,2,,5,,1,,4,70,1,,,,1,,"10,7,4,8,6",,3,,5,2,4,,1,,,,,,1,3,4|2|3|1,2,4|3|1|2,ClimateChange-Priming,Democratic_Debate-Video,Healthcare-Priming,Impeachment-Priming,cc_t1,debate_noah_t1,health_control,impeach_approve_t1,gorsuch|employ_rate|secretary_state
11/24/19 15:16,11/24/19 15:21,0,100,302,1,11/24/19 15:21,R_32R9jh1ZFsemFEJ,anonymous,EN,1,24,5,,5,2,,5,1,,,1,90,1,,,1,,,"10,7,4,8,11",,3,,,2,4,,1,5,,,,,1,4,1|3|2|4,2,2|4|3|1,ClimateChange-Priming,Democratic_Debate-Video,Healthcare-Priming,Impeachment-Priming,cc_control,debate_fox_t2,health_control,impeach_control,gorsuch|secretary_state|employ_rate
11/24/19 15:40,11/24/19 15:44,0,100,238,1,11/24/19 15:44,R_2ALI5pkA9fZQNiw,anonymous,EN,1,21,3,9,4,2,,7,,3,,3,54,,,2,,,1,"10,4,7,8,11,5,9,12,1,6,14",9,2,6,10,3,4,7,1,5,8,11,,,1,4,1|2|3|4,2,3|2|4|1,ClimateChange-Priming,Democratic_Debate-Video,Healthcare-Priming,Impeachment-Priming,cc_t1,debate_noah_t1,health_disapprove_t2,impeach_demapprove_t,employ_rate|gorsuch|secretary_state
11/24/19 16:00,11/24/19 16:04,0,100,233,1,11/24/19 16:04,R_1diWaiQJpSXF80C,anonymous,EN,1,20,5,,2,1,,7,2,,,1,20,,,1,3,,,"1,11,5,8,10",1,,3,,,4,,5,2,,,,,1,4,4|1|3|2,2,1|2|4|3,ClimateChange-Priming,Democratic_Debate-Video,Healthcare-Priming,Impeachment-Priming,cc_control,debate_control,health_disapprove_t2,impeach_control,secretary_state|gorsuch|employ_rate
11/24/19 16:01,11/24/19 16:04,0,100,189,1,11/24/19 16:04,R_1loU6r7r5JQHDGV,anonymous,EN,1,18,2,,5,2,,7,3,,,5,100,,1,,,1,,"4,10,7,6,5",,1,5,4,3,,,2,,,,,,1,4,3|4|1|2,2,3|4|1|2,ClimateChange-Priming,Democratic_Debate-Video,Healthcare-Priming,Impeachment-Priming,cc_control,debate_control,health_approve_t1,impeach_approve_t1,employ_rate|gorsuch|secretary_state
11/24/19 18:02,11/24/19 18:04,0,100,147,1,11/24/19 18:04,R_1hEkRICra6DgkMr,anonymous,EN,1,21,3,9,5,2,,5,2,,,1,83,1,,,,1,,"8,7,6,4,5,1,12,11,9,14,10",6,4,5,3,2,1,9,11,8,7,10,,,1,3,1|3|2|4,4,4|3|1|2,ClimateChange-Priming,Democratic_Debate-Video,Healthcare-Priming,Impeachment-Priming,cc_control,debate_control,health_control,impeach_approve_t1,employ_rate|gorsuch|secretary_state
11/24/19 18:05,11/24/19 18:09,0,100,216,1,11/24/19 18:09,R_3q9UfGlenmzUhTA,anonymous,EN,1,21,3,10,5,2,,6,2,,,5,75,,1,,,,1,"8,10,7,6,4",,5,,4,3,1,,2,,,,,,1,4,3|4|2|1,2,3|1|4|2,ClimateChange-Priming,Democratic_Debate-Video,Healthcare-Priming,Impeachment-Priming,cc_control,debate_fox_t2,health_approve_t1,impeach_demapprove_t,employ_rate|secretary_state|gorsuch
11/24/19 18:20,11/24/19 18:23,0,100,211,1,11/24/19 18:23,R_tXwDSRtIydAIGJj,anonymous,EN,1,20,2,,4,2,,5,,,1,4,43,,,2,1,,,"10,8,6,4,11",,4,,3,,2,,1,5,,,,,2,3,3|1|4|2,2,3|1|4|2,ClimateChange-Priming,Democratic_Debate-Video,Healthcare-Priming,Impeachment-Priming,cc_t2,debate_fox_t2,health_disapprove_t2,impeach_control,secretary_state|gorsuch|employ_rate
11/24/19 18:24,11/24/19 18:28,0,100,244,1,11/24/19 18:28,R_3pg24zWKKm3FmcW,anonymous,EN,1,21,3,11,5,2,,5,,,2,2,80,1,,,,,1,"10,8,4,7,6",,3,,5,4,2,,1,,,,,,4,3,2|1|3|4,2,3|4|1|2,ClimateChange-Priming,Democratic_Debate-Video,Healthcare-Priming,Impeachment-Priming,cc_t2,debate_fox_t2,health_control,impeach_demapprove_t,employ_rate|gorsuch|secretary_state
11/24/19 18:35,11/24/19 18:38,0,100,172,1,11/24/19 18:38,R_2U9DtvaLTaIgSuF,anonymous,EN,1,21,3,9,3,3,,7,,,1,5,64,1,,,1,,,,,,,,,,,,,,,,,1,4,3|2|1|4,2,3|4|1|2,ClimateChange-Priming,Democratic_Debate-Video,Healthcare-Priming,Impeachment-Priming,cc_t2,debate_fox_t2,health_control,impeach_control,secretary_state|employ_rate|gorsuch
11/24/19 18:36,11/24/19 18:40,0,100,246,1,11/24/19 18:40,R_2wcL1StmfaxqlH7,anonymous,EN,1,22,3,9,5,3,,6,,,2,4,71,1,,,,1,,"11,4,10,9,8",,2,,,,5,4,3,1,,,,,1,4,1|3|2|4,2,3|2|1|4,ClimateChange-Priming,Democratic_Debate-Video,Healthcare-Priming,Impeachment-Priming,cc_t2,debate_noah_t1,health_control,impeach_approve_t1,gorsuch|secretary_state|employ_rate
11/24/19 20:26,11/24/19 20:26,0,100,12,1,11/24/19 20:26,R_3Gkwi2gEyVgbT1x,anonymous,EN,1,17,,,,,,,,,,,,,,,,,,,,,,,,,,,,,,,,,,,,,,,,,,,,,
11/24/19 21:06,11/24/19 21:11,0,100,312,1,11/24/19 21:11,R_1isSiTawcfiM2E5,anonymous,EN,1,21,3,10,5,2,,5,,1,,5,55,,1,,,1,,"10,7,6,8,1",5,,,3,2,4,,1,,,,,,1,4,1|4|3|2,2,1|4|3|2,ClimateChange-Priming,Democratic_Debate-Video,Healthcare-Priming,Impeachment-Priming,cc_t1,debate_control,health_approve_t1,impeach_approve_t1,gorsuch|employ_rate|secretary_state
11/24/19 21:54,11/24/19 21:58,0,100,258,1,11/24/19 21:58,R_31yKXFdH13cutey,anonymous,EN,1,21,3,11,5,2,,5,,1,,4,83,,1,,2,,,"1,7,10,4,8",1,4,,,2,5,,3,,,,,,1,4,2|1|4|3,2,3|1|2|4,ClimateChange-Priming,Democratic_Debate-Video,Healthcare-Priming,Impeachment-Priming,cc_t1,debate_fox_t2,health_approve_t1,impeach_control,secretary_state|employ_rate|gorsuch
11/24/19 22:17,11/24/19 22:20,0,100,221,1,11/24/19 22:20,R_10BKA1BP9u5LO52,anonymous,EN,1,19,2,,5,2,,5,1,,,3,80,1,,,1,,,"6,8,7,10,4",,5,,1,3,2,,4,,,,,,1,4,1|2|4|3,2,4|2|3|1,ClimateChange-Priming,Democratic_Debate-Video,Healthcare-Priming,Impeachment-Priming,cc_control,debate_control,health_control,impeach_control,secretary_state|employ_rate|gorsuch
11/24/19 23:37,11/24/19 23:40,0,100,209,1,11/24/19 23:40,R_2WM7z0ICH8OWTK2,anonymous,EN,1,21,3,9,4,2,,3,2,,,1,50,,,2,1,,,"8,10,7,9,4",,5,,,3,1,4,2,,,,,,2,3,4|1|2|3,2,4|1|2|3,ClimateChange-Priming,Democratic_Debate-Video,Healthcare-Priming,Impeachment-Priming,cc_control,debate_control,health_disapprove_t2,impeach_control,gorsuch|secretary_state|employ_rate
11/25/19 5:43,11/25/19 5:49,0,100,377,1,11/25/19 5:49,R_3PGOq8ZpBc4LxRr,anonymous,EN,1,20,3,10,2,1,,5,,3,,2,46,,2,,,2,,"10,1,7,6,8,5,14,9,4,11,12",2,9,6,4,3,5,8,1,10,11,7,,,2,4,1|3|4|2,2,2|4|1|3,ClimateChange-Priming,Democratic_Debate-Video,Healthcare-Priming,Impeachment-Priming,cc_t1,debate_fox_t2,health_approve_t1,impeach_approve_t1,gorsuch|secretary_state|employ_rate
11/25/19 9:11,11/25/19 9:15,0,100,199,1,11/25/19 9:15,R_1Fn64CP0mg4wXRs,anonymous,EN,1,25,5,,5,2,,7,,1,,1,83,,,2,,,1,"10,4,9,6,7",,2,,4,5,,3,1,,,,,,1,3,3|4|1|2,2,4|2|3|1,ClimateChange-Priming,Democratic_Debate-Video,Healthcare-Priming,Impeachment-Priming,cc_t1,debate_control,health_disapprove_t2,impeach_demapprove_t,secretary_state|employ_rate|gorsuch
11/25/19 10:19,11/25/19 10:44,0,100,1487,1,11/25/19 10:44,R_2drOdGaNjqXS2SL,anonymous,EN,1,18,2,,5,3,,6,,2,,2,20,,,3,,,1,"4,8,6,7,11,1",6,1,,3,4,2,,,5,,,,,1,4,3|1|4|2,2,4|1|2|3,ClimateChange-Priming,Democratic_Debate-Video,Healthcare-Priming,Impeachment-Priming,cc_t1,debate_noah_t1,health_disapprove_t2,impeach_demapprove_t,employ_rate|secretary_state|gorsuch
11/25/19 10:44,11/25/19 10:46,0,100,159,1,11/25/19 10:46,R_Dw8zk0P0uczhoyt,anonymous,EN,1,18,2,,5,2,,6,,2,,3,80,1,,,,,1,"4,7,1,6,8,9,11",3,1,,4,2,5,6,,7,,,,,2,2,4|3|1|2,1,2|1|3|4,ClimateChange-Priming,Democratic_Debate-Video,Healthcare-Priming,Impeachment-Priming,cc_t1,debate_noah_t1,health_control,impeach_demapprove_t,employ_rate|secretary_state|gorsuch
11/25/19 23:34,11/25/19 23:39,0,100,296,1,11/25/19 23:39,R_ZHMxaujKsbhkODn,anonymous,EN,1,21,3,10,5,2,,5,1,,,2,70,,,2,,,1,"10,4,8,9,7",,2,,,5,3,4,1,,,,,,1,4,2|3|4|1,2,4|1|3|2,ClimateChange-Priming,Democratic_Debate-Video,Healthcare-Priming,Impeachment-Priming,cc_control,debate_fox_t2,health_disapprove_t2,impeach_demapprove_t,secretary_state|employ_rate|gorsuch
11/26/19 7:06,11/26/19 7:12,0,100,303,1,11/26/19 7:12,R_Uu8keqRuXTeBVER,anonymous,EN,1,18,3,11,4,3,,5,1,,,1,52,,1,,,2,,"10,6,8,7,1,5,11,9,12,4,14",5,10,6,2,4,3,8,1,7,9,11,,,3,4,1|4|2|3,4,2|1|3|4,ClimateChange-Priming,Democratic_Debate-Video,Healthcare-Priming,Impeachment-Priming,cc_control,debate_control,health_approve_t1,impeach_approve_t1,employ_rate|gorsuch|secretary_state
11/26/19 9:21,11/26/19 9:25,1,100,229,1,11/26/19 9:25,R_2ZVzKJVxZGc0ZJx,preview,EN,1,21,3,12,4,2,,3,,2,,3,76,,1,,,1,,"8,10,4,7,6",,3,,5,4,1,,2,,,,,,2,4,3|4|2|1,2,2|3|1|4,ClimateChange-Priming,Democratic_Debate-Video,Healthcare-Priming,Impeachment-Priming,cc_t1,debate_fox_t2,health_approve_t1,impeach_approve_t1,secretary_state|employ_rate|gorsuch
11/26/19 9:26,11/26/19 9:30,1,100,266,1,11/26/19 9:30,R_2ZQZBPl4FqzlOgA,preview,EN,1,21,3,12,4,2,,5,,,1,1,98,,1,,,,2,"10,4,6,8,1",5,2,,3,,4,,1,,,,,,1,3,3|4|2|1,2,2|1|3|4,ClimateChange-Priming,Democratic_Debate-Video,Healthcare-Priming,Impeachment-Priming,cc_t2,debate_control,health_approve_t1,impeach_demapprove_t,employ_rate|gorsuch|secretary_state
11/26/19 9:32,11/26/19 9:37,1,100,254,1,11/26/19 9:37,R_2bIVRT8d79XPpNj,preview,EN,1,18,3,10,5,3,,5,,,2,1,50,3,,,,1,,"8,6,7,10,4",,5,,2,3,1,,4,,,,,,3,2,4|1|3|2,1,2|1|4|3,ClimateChange-Priming,Democratic_Debate-Video,Healthcare-Priming,Impeachment-Priming,cc_t2,debate_control,health_control,impeach_approve_t1,secretary_state|employ_rate|gorsuch
11/26/19 9:40,11/26/19 9:43,1,100,234,1,11/26/19 9:44,R_Y6saD4WwuLWUE13,preview,EN,1,19,2,,3,2,,4,,2,,1,30,3,,,,1,,"5,10,4,8,6,9",,3,1,5,,4,6,2,,,,,,1,2,1|2|4|3,1,1|2|3|4,ClimateChange-Priming,Democratic_Debate-Video,Healthcare-Priming,Impeachment-Priming,cc_t1,debate_fox_t2,health_control,impeach_approve_t1,employ_rate|gorsuch|secretary_state
11/26/19 9:44,11/26/19 9:48,0,100,229,1,11/26/19 9:48,R_3hyB6qLNptF702d,qr,EN,1,18,2,,4,2,,5,,,1,1,75,1,,,,,1,"6,8,10,4,12",,4,,1,,2,,3,,5,,,,3,4,2|1|3|4,4,4|2|1|3,ClimateChange-Priming,Democratic_Debate-Video,Healthcare-Priming,Impeachment-Priming,cc_t2,debate_fox_t2,health_control,impeach_demapprove_t,employ_rate|secretary_state|gorsuch
11/26/19 9:44,11/26/19 9:48,1,100,244,1,11/26/19 9:48,R_9NMjpEBSiZy0itj,preview,EN,1,22,3,12,4,2,,6,,3,,5,61,1,,,,1,,"8,4,7,10,5",,2,5,,3,1,,4,,,,,,1,3,3|4|2|1,4,4|2|1|3,ClimateChange-Priming,Democratic_Debate-Video,Healthcare-Priming,Impeachment-Priming,cc_t1,debate_noah_t1,health_control,impeach_approve_t1,secretary_state|employ_rate|gorsuch
11/26/19 9:49,11/26/19 9:52,1,100,210,1,11/26/19 9:52,R_3rHyl0zw1huL4Yz,preview,EN,1,18,3,9,4,2,,5,,3,,2,66,,,2,1,,,"9,5,8,10,4,6,1",7,5,2,6,,3,1,4,,,,,,2,4,3|1|4|2,2,3|2|4|1,ClimateChange-Priming,Democratic_Debate-Video,Healthcare-Priming,Impeachment-Priming,cc_t1,debate_noah_t1,health_disapprove_t2,impeach_control,gorsuch|employ_rate|secretary_state
11/26/19 9:53,11/26/19 9:57,1,100,275,1,11/26/19 9:57,R_2RWFze1taky0uTQ,preview,EN,1,21,3,12,5,3,,5,,2,,1,75,,,2,1,,,"7,8,4,10,6",,3,,5,1,2,,4,,,,,,2,3,4|1|2|3,2,3|2|1|4,ClimateChange-Priming,Democratic_Debate-Video,Healthcare-Priming,Impeachment-Priming,cc_t1,debate_control,health_disapprove_t2,impeach_control,secretary_state|gorsuch|employ_rate
11/26/19 9:59,11/26/19 10:03,1,100,249,1,11/26/19 10:03,R_33fr4ecAGmTUDNU,preview,EN,1,20,3,12,4,2,,5,,2,,4,69,,1,,,2,,"10,7,4,11,9",,3,,,2,,5,1,4,,,,,1,4,4|1|2|3,2,3|2|1|4,ClimateChange-Priming,Democratic_Debate-Video,Healthcare-Priming,Impeachment-Priming,cc_t1,debate_fox_t2,health_approve_t1,impeach_approve_t1,secretary_state|gorsuch|employ_rate
11/26/19 10:06,11/26/19 10:10,0,100,275,1,11/26/19 10:10,R_3qjukTF07w1zCTt,qr,EN,1,19,3,8,4,2,,5,1,,,4,63,,1,,,,1,,,,,,,,,,,,,,,2,4,1|4|3|2,4,2|1|3|4,ClimateChange-Priming,Democratic_Debate-Video,Healthcare-Priming,Impeachment-Priming,cc_control,debate_noah_t1,health_approve_t1,impeach_demapprove_t,employ_rate|gorsuch|secretary_state
11/26/19 9:55,11/26/19 10:11,0,100,962,1,11/26/19 10:11,R_3scdEvKubS9pnZf,email,EN,1,19,2,,4,2,,6,,,2,4,30,,1,,,,1,"5,11,6,9,10",,,1,3,,,4,5,2,,,,,3,4,4|1|3|2,2,1|3|4|2,ClimateChange-Priming,Democratic_Debate-Video,Healthcare-Priming,Impeachment-Priming,cc_t2,debate_fox_t2,health_approve_t1,impeach_demapprove_t,employ_rate|secretary_state|gorsuch
11/26/19 10:07,11/26/19 10:13,1,100,334,1,11/26/19 10:13,R_2s0VWE1JHyFSp1k,preview,EN,1,19,3,8,4,2,,6,,,2,1,50,,1,,,1,,"9,7,11,12,10,5,4,8",,7,6,,2,8,1,5,3,4,,,,2,4,4|3|2|1,2,3|1|2|4,ClimateChange-Priming,Democratic_Debate-Video,Healthcare-Priming,Impeachment-Priming,cc_t2,debate_fox_t2,health_approve_t1,impeach_approve_t1,secretary_state|employ_rate|gorsuch
11/26/19 10:13,11/26/19 10:17,1,100,221,1,11/26/19 10:17,R_2RNX5ByIRjIHyTO,preview,EN,1,19,2,,2,2,,3,2,,,1,40,1,,,3,,,"7,1,5,4,10",2,4,3,,1,,,5,,,,,,1,4,3|4|1|2,2,3|2|4|1,ClimateChange-Priming,Democratic_Debate-Video,Healthcare-Priming,Impeachment-Priming,cc_control,debate_control,health_control,impeach_control,secretary_state|employ_rate|gorsuch
11/26/19 10:20,11/26/19 10:23,1,100,212,1,11/26/19 10:23,R_2a9SBQs5xW2SDrt,preview,EN,1,20,5,,4,2,,5,2,,,3,30,,1,,1,,,"7,10,5,6,8",,,3,4,1,5,,2,,,,,,2,3,2|3|4|1,2,3|1|4|2,ClimateChange-Priming,Democratic_Debate-Video,Healthcare-Priming,Impeachment-Priming,cc_control,debate_noah_t1,health_approve_t1,impeach_control,gorsuch|employ_rate|secretary_state
11/26/19 10:26,11/26/19 10:31,1,100,334,1,11/26/19 10:31,R_2e2Wvcti7C8VwLS,preview,EN,1,22,2,,3,3,,3,1,,,1,,,1,,,1,,"4,10,12,7,5",,1,5,,4,,,2,,3,,,,4,1,2|1|4|3,1,3|2|4|1,ClimateChange-Priming,Democratic_Debate-Video,Healthcare-Priming,Impeachment-Priming,cc_control,debate_control,health_approve_t1,impeach_approve_t1,gorsuch|secretary_state|employ_rate
11/26/19 10:20,11/26/19 10:35,0,100,925,1,11/26/19 10:35,R_pRTd691d8GB5umJ,qr,EN,1,19,3,9,4,2,,7,,1,,5,45,,,2,1,,,"5,10,12,8,11,1,7,6,4",6,9,1,8,7,4,,2,5,3,,,Misinformation and Education Reform in the US,1,4,1|3|2|4,2,3|1|4|2,ClimateChange-Priming,Democratic_Debate-Video,Healthcare-Priming,Impeachment-Priming,cc_t1,debate_fox_t2,health_disapprove_t2,impeach_control,employ_rate|gorsuch|secretary_state
11/26/19 10:33,11/26/19 10:38,1,100,251,1,11/26/19 10:38,R_3qqyoAgKiCTgrkS,preview,EN,1,19,3,12,4,2,,3,2,,,1,50,3,,,,1,,"10,5,1,7,11",3,,2,,4,,,1,5,,,,,1,4,1|2|4|3,1,1|3|4|2,ClimateChange-Priming,Democratic_Debate-Video,Healthcare-Priming,Impeachment-Priming,cc_control,debate_control,health_control,impeach_approve_t1,secretary_state|employ_rate|gorsuch
11/26/19 10:39,11/26/19 10:44,1,100,318,1,11/26/19 10:44,R_PM1q3TQSBmiwxC9,preview,EN,1,19,3,8,5,2,,5,2,,,4,71,,,2,,,1,"4,7,10,6,8",,1,,4,2,5,,3,,,,,,1,3,2|3|4|1,1,4|2|1|3,ClimateChange-Priming,Democratic_Debate-Video,Healthcare-Priming,Impeachment-Priming,cc_control,debate_fox_t2,health_disapprove_t2,impeach_demapprove_t,gorsuch|employ_rate|secretary_state
11/26/19 10:43,11/26/19 10:47,0,100,245,1,11/26/19 10:47,R_0cxttQq4mW9b8Ix,email,EN,1,19,3,11,5,2,,5,,1,,1,70,,1,,,2,,"6,8,7,5,1",5,,4,1,3,2,,,,,,,,2,4,2|3|1|4,1,4|1|2|3,ClimateChange-Priming,Democratic_Debate-Video,Healthcare-Priming,Impeachment-Priming,cc_t1,debate_control,health_approve_t1,impeach_approve_t1,secretary_state|gorsuch|employ_rate
11/26/19 10:59,11/26/19 11:04,0,100,294,1,11/26/19 11:04,R_1E1h5Jj3jS3Dd1n,email,EN,1,23,5,,4,2,,5,,,2,1,85,1,,,,1,,"8,4,7,10,5",,2,5,,3,1,,4,,,,,,2,4,3|2|4|1,1,4|1|3|2,ClimateChange-Priming,Democratic_Debate-Video,Healthcare-Priming,Impeachment-Priming,cc_t2,debate_control,health_control,impeach_approve_t1,secretary_state|gorsuch|employ_rate
11/26/19 11:10,11/26/19 11:12,0,100,131,1,11/26/19 11:12,R_1DTpZ3hsQ3Ht690,email,EN,1,19,2,,5,2,,6,,,1,3,81,,1,,,1,,"6,10,8,4,7",,4,,1,5,3,,2,,,,,,1,4,1|2|3|4,2,4|3|1|2,ClimateChange-Priming,Democratic_Debate-Video,Healthcare-Priming,Impeachment-Priming,cc_t2,debate_noah_t1,health_approve_t1,impeach_approve_t1,employ_rate|secretary_state|gorsuch
11/26/19 11:13,11/26/19 11:17,1,100,224,1,11/26/19 11:17,R_27kG5rHZsgbSKBK,preview,EN,1,18,2,,4,2,,6,1,,,1,75,,,2,,1,,"5,10,9,8,6",,,1,5,,4,3,2,,,,,,3,4,3|1|2|4,2,1|4|2|3,ClimateChange-Priming,Democratic_Debate-Video,Healthcare-Priming,Impeachment-Priming,cc_control,debate_control,health_disapprove_t2,impeach_approve_t1,secretary_state|employ_rate|gorsuch
11/26/19 11:14,11/26/19 11:17,0,100,207,1,11/26/19 11:17,R_1rxBAeH2hLGM6px,anonymous,EN,1,21,3,11,4,2,,3,1,,,1,62,,,3,,1,,"8,4,7,6,10",,2,,4,3,1,,5,,,,,,2,3,2|4|3|1,1,3|2|1|4,ClimateChange-Priming,Democratic_Debate-Video,Healthcare-Priming,Impeachment-Priming,cc_control,debate_noah_t1,health_disapprove_t2,impeach_approve_t1,gorsuch|secretary_state|employ_rate
11/26/19 11:17,11/26/19 11:24,1,100,395,1,11/26/19 11:24,R_29lVfHZv6NuXEoR,preview,EN,1,20,3,11,4,2,,6,,1,,5,85,,,2,1,,,"4,10,11,9,6",,1,,5,,,4,2,3,,,,,1,4,4|2|1|3,2,4|1|2|3,ClimateChange-Priming,Democratic_Debate-Video,Healthcare-Priming,Impeachment-Priming,cc_t1,debate_control,health_disapprove_t2,impeach_control,employ_rate|secretary_state|gorsuch
11/26/19 11:30,11/26/19 11:35,1,100,301,1,11/26/19 11:35,R_2XhNYdz8vwYtRaF,preview,EN,1,22,3,11,4,3,,7,,2,,3,78,,1,,,,2,"7,10,4,11,6",,3,,5,1,,,2,4,,,,,1,4,2|4|1|3,1,2|4|1|3,ClimateChange-Priming,Democratic_Debate-Video,Healthcare-Priming,Impeachment-Priming,cc_t1,debate_noah_t1,health_approve_t1,impeach_demapprove_t,secretary_state|employ_rate|gorsuch
11/26/19 11:36,11/26/19 11:41,0,100,295,1,11/26/19 11:41,R_3MyDyQ8Jnxf4qJC,anonymous,EN,1,20,3,9,4,2,,5,1,,,5,60,1,,,,1,,"4,10,7,1,6",4,1,,5,3,,,2,,,,,,2,4,2|4|1|3,2,1|4|2|3,ClimateChange-Priming,Democratic_Debate-Video,Healthcare-Priming,Impeachment-Priming,cc_control,debate_control,health_control,impeach_approve_t1,gorsuch|secretary_state|employ_rate
11/26/19 11:39,11/26/19 11:42,1,100,218,1,11/26/19 11:42,R_6yTGsb1yigyo4Pn,preview,EN,1,20,3,10,4,2,,6,2,,,2,60,,,2,,,1,"7,10,5,4,8,6,11",,4,3,6,1,5,,2,7,,,,,1,4,3|2|1|4,2,2|3|4|1,ClimateChange-Priming,Democratic_Debate-Video,Healthcare-Priming,Impeachment-Priming,cc_control,debate_control,health_disapprove_t2,impeach_demapprove_t,gorsuch|secretary_state|employ_rate
11/26/19 11:41,11/26/19 11:43,0,100,133,1,11/26/19 11:43,R_1eXeukRt4E2kRUh,anonymous,EN,1,21,3,10,5,2,,6,,,2,4,78,1,,,,1,,"4,7,10,5,11",,1,4,,2,,,3,5,,,,,2,4,2|3|4|1,3,3|2|1|4,ClimateChange-Priming,Democratic_Debate-Video,Healthcare-Priming,Impeachment-Priming,cc_t2,debate_control,health_control,impeach_approve_t1,gorsuch|employ_rate|secretary_state
11/26/19 11:53,11/26/19 11:57,0,100,261,1,11/26/19 11:57,R_2PyWG5X9Idf4d70,email,EN,1,20,3,8,5,2,,7,,,2,5,59,1,,,1,,,"5,7,8,10,1",5,,1,,2,3,,4,,,,,,1,4,1|4|3|2,2,1|4|2|3,ClimateChange-Priming,Democratic_Debate-Video,Healthcare-Priming,Impeachment-Priming,cc_t2,debate_fox_t2,health_control,impeach_control,gorsuch|employ_rate|secretary_state
11/26/19 11:52,11/26/19 11:58,0,100,393,1,11/26/19 11:58,R_6y4zHBNKQhgTCQ9,email,EN,1,19,2,,4,2,,3,2,,,1,35,,1,,1,,,"7,6,10,8,12",,,,2,1,4,,3,,5,,,,1,3,4|2|3|1,2,2|1|3|4,ClimateChange-Priming,Democratic_Debate-Video,Healthcare-Priming,Impeachment-Priming,cc_control,debate_fox_t2,health_approve_t1,impeach_control,gorsuch|secretary_state|employ_rate
11/26/19 12:00,11/26/19 12:08,0,100,447,1,11/26/19 12:08,R_1DVgqidBfjbz4gS,anonymous,EN,1,21,2,,4,2,,5,,2,,3,75,,1,,,,1,"4,10,7,6,8",,1,,4,3,5,,2,,,,,,1,4,3|1|2|4,2,3|4|2|1,ClimateChange-Priming,Democratic_Debate-Video,Healthcare-Priming,Impeachment-Priming,cc_t1,debate_fox_t2,health_approve_t1,impeach_demapprove_t,gorsuch|employ_rate|secretary_state
11/26/19 12:30,11/26/19 12:34,0,100,247,1,11/26/19 12:34,R_2OT7eOMCfmTsfRc,anonymous,EN,1,21,3,9,5,2,,6,,,2,5,96,1,,,,,1,"10,5,4,6,12",,3,2,4,,,,1,,5,,,,1,4,3|4|2|1,2,2|4|1|3,ClimateChange-Priming,Democratic_Debate-Video,Healthcare-Priming,Impeachment-Priming,cc_t2,debate_control,health_control,impeach_demapprove_t,gorsuch|secretary_state|employ_rate
11/26/19 12:09,11/26/19 12:41,0,100,1919,1,11/26/19 12:41,R_25FvDYuC0LezYqv,email,EN,1,20,3,8,4,4,leftist,5,,,2,1,0,,3,,,1,,"8,10,4,13,7",,3,,,5,1,,2,,,,4,imperialism,3,3,1|4|2|3,2,2|3|1|4,ClimateChange-Priming,Democratic_Debate-Video,Healthcare-Priming,Impeachment-Priming,cc_t2,debate_control,health_approve_t1,impeach_approve_t1,employ_rate|secretary_state|gorsuch
11/26/19 13:10,11/26/19 13:15,0,100,288,1,11/26/19 13:15,R_3hGVjwXepzFXypK,anonymous,EN,1,21,3,11,5,2,,2,,1,,1,17,,,3,,,1,"10,6,7,9,5",,,5,2,3,,4,1,,,,,,3,4,1|2|3|4,1,1|3|2|4,ClimateChange-Priming,Democratic_Debate-Video,Healthcare-Priming,Impeachment-Priming,cc_t1,debate_noah_t1,health_disapprove_t2,impeach_demapprove_t,secretary_state|gorsuch|employ_rate
11/26/19 10:44,11/26/19 13:18,0,100,9230,1,11/26/19 13:18,R_p5DpIWI6cc7Vaxj,email,EN,1,18,4,,4,2,,4,2,,,4,61,2,,,,1,,"6,11,4,10,8",,3,,1,,5,,4,2,,,,,1,4,4|1|2|3,2,3|1|4|2,ClimateChange-Priming,Democratic_Debate-Video,Healthcare-Priming,Impeachment-Priming,cc_control,debate_fox_t2,health_control,impeach_approve_t1,gorsuch|employ_rate|secretary_state
11/26/19 16:28,11/26/19 16:30,0,100,136,1,11/26/19 16:30,R_3JbfDZFcG3s28cg,email,FR,1,19,3,8,5,4,Leftist,5,3,,,3,40,1,,,,1,,"4,10,8,7,6",,1,,5,4,3,,2,,,,,,,,1|2|3|4,,3|1|4|2,ClimateChange-Priming,Democratic_Debate-Video,Healthcare-Priming,Impeachment-Priming,cc_control,debate_fox_t2,health_control,impeach_approve_t1,secretary_state|gorsuch|employ_rate
11/26/19 17:34,11/26/19 17:37,0,100,181,1,11/26/19 17:37,R_7W04sVxr6bdNRHX,qr,EN,1,19,2,,4,2,,5,,3,,1,56,,3,,,2,,"5,10,7,4,14",,4,1,,3,,,2,,,5,,,1,4,4|3|1|2,2,3|2|1|4,ClimateChange-Priming,Democratic_Debate-Video,Healthcare-Priming,Impeachment-Priming,cc_t1,debate_control,health_approve_t1,impeach_approve_t1,gorsuch|employ_rate|secretary_state
11/26/19 18:14,11/26/19 18:19,0,100,290,1,11/26/19 18:19,R_eXRv17W88zv1VNn,anonymous,EN,1,21,2,,3,2,,3,,2,,2,50,,,2,1,,,"13,4,8,7,10",,2,,,4,3,,5,,,,1,Political Tolerance/Echo Chamber Media,3,4,4|3|1|2,2,4|2|3|1,ClimateChange-Priming,Democratic_Debate-Video,Healthcare-Priming,Impeachment-Priming,cc_t1,debate_control,health_disapprove_t2,impeach_control,secretary_state|gorsuch|employ_rate
11/27/19 7:58,11/27/19 8:03,0,100,250,1,11/27/19 8:03,R_xyN9WjXGA8NmgEh,anonymous,EN,1,21,3,10,4,3,,3,,,1,1,30,,,1,1,,,"9,1,4,10,6",2,3,,5,,,1,4,,,,,,2,4,3|1|4|2,3,1|4|3|2,ClimateChange-Priming,Democratic_Debate-Video,Healthcare-Priming,Impeachment-Priming,cc_t2,debate_fox_t2,health_disapprove_t2,impeach_control,secretary_state|gorsuch|employ_rate
11/27/19 8:35,11/27/19 8:39,0,100,269,1,11/27/19 8:39,R_1jw9wp0NhyhczgY,qr,EN,1,20,3,9,3,3,,3,2,,,1,51,,,2,,1,,"8,6,7,4,10",,4,,2,3,1,,5,,,,,,1,2,4|2|3|1,4,2|1|4|3,ClimateChange-Priming,Democratic_Debate-Video,Healthcare-Priming,Impeachment-Priming,cc_control,debate_control,health_disapprove_t2,impeach_approve_t1,employ_rate|secretary_state|gorsuch
11/27/19 11:09,11/27/19 11:14,0,100,317,1,11/27/19 11:14,R_1GBNI9pIPC3ofzB,anonymous,EN,1,20,3,9,5,2,,4,,,3,4,35,,1,,,,1,"10,7,8,6,4,12",,5,,4,2,3,,1,,6,,,,3,4,2|3|1|4,2,3|2|4|1,ClimateChange-Priming,Democratic_Debate-Video,Healthcare-Priming,Impeachment-Priming,cc_t2,debate_fox_t2,health_approve_t1,impeach_demapprove_t,employ_rate|gorsuch|secretary_state
11/27/19 12:06,11/27/19 12:09,0,100,200,1,11/27/19 12:09,R_1GVXJvI6m4v1Pka,anonymous,EN,1,21,3,12,4,2,,6,1,,,1,73,,1,,,,1,"7,4,10,8,12",,2,,,1,4,,3,,5,,,,1,2,2|1|4|3,4,1|4|3|2,ClimateChange-Priming,Democratic_Debate-Video,Healthcare-Priming,Impeachment-Priming,cc_control,debate_control,health_approve_t1,impeach_demapprove_t,employ_rate|gorsuch|secretary_state
11/27/19 13:59,11/27/19 14:03,0,100,239,1,11/27/19 14:03,R_1gGVy8yjgdI3REL,anonymous,EN,1,20,3,9,4,2,,5,1,,,1,86,1,,,1,,,"10,6,8,1,4",4,5,,2,,3,,1,,,,,,3,4,1|2|3|4,2,2|1|3|4,ClimateChange-Priming,Democratic_Debate-Video,Healthcare-Priming,Impeachment-Priming,cc_control,debate_control,health_control,impeach_control,secretary_state|gorsuch|employ_rate
11/27/19 15:25,11/27/19 15:29,0,100,205,1,11/27/19 15:29,R_31NRkJx7fbeqEFf,anonymous,EN,1,21,3,8,5,2,,3,,,3,1,85,,1,,,,1,"10,12,7,4,8",,4,,,3,5,,1,,2,,,,3,4,3|2|1|4,4,2|1|4|3,ClimateChange-Priming,Democratic_Debate-Video,Healthcare-Priming,Impeachment-Priming,cc_t2,debate_fox_t2,health_approve_t1,impeach_demapprove_t,secretary_state|employ_rate|gorsuch
11/27/19 17:20,11/27/19 17:22,0,100,159,1,11/27/19 17:22,R_3HM23atd9Kj9StX,qr,EN,1,21,3,8,5,2,,6,,3,,5,93,,,2,1,,,"4,10,7,6,11",,1,,4,3,,,2,5,,,,,1,4,3|2|4|1,2,3|4|2|1,ClimateChange-Priming,Democratic_Debate-Video,Healthcare-Priming,Impeachment-Priming,cc_t1,debate_control,health_disapprove_t2,impeach_control,gorsuch|secretary_state|employ_rate
11/26/19 13:02,11/27/19 22:03,0,100,118856,1,11/27/19 22:03,R_2TZrkIoezEu1HOS,anonymous,EN,1,20,3,9,4,2,,3,,,2,1,20,,,2,,3,,"10,14,8,7,5",,,5,,4,3,,1,,,2,,,3,4,1|4|3|2,2,2|4|1|3,ClimateChange-Priming,Democratic_Debate-Video,Healthcare-Priming,Impeachment-Priming,cc_t2,debate_fox_t2,health_disapprove_t2,impeach_approve_t1,employ_rate|secretary_state|gorsuch
11/24/19 12:48,11/24/19 12:49,0,43,66,0,12/1/19 12:49,R_2rVF5sxUIMuNgT7,anonymous,EN,1,21,3,10,4,2,,5,,1,,,,,,,,,,,,,,,,,,,,,,,,,,,,,ClimateChange-Priming,Democratic_Debate-Video,,,cc_t1,debate_fox_t2,,,
11/24/19 12:49,11/24/19 12:50,0,11,47,0,12/1/19 12:51,R_3p2Uq0dMBYa3oKc,anonymous,EN,1,21,,,,,,,,,,,,,,,,,,,,,,,,,,,,,,,,,,,,,,,,,,,,,
11/24/19 12:52,11/24/19 12:55,0,82,135,0,12/1/19 12:55,R_2qeC3Fmddl4cQum,anonymous,EN,1,20,3,11,2,1,,3,,3,,1,50,,,1,,,3,,,,,,,,,,,,,,,,,,,,ClimateChange-Priming,Democratic_Debate-Video,Healthcare-Priming,Impeachment-Priming,cc_t1,debate_noah_t1,health_disapprove_t2,impeach_demapprove_t,
11/24/19 12:59,11/24/19 13:00,0,89,96,0,12/1/19 13:01,R_2wbEH1DHkUGbpam,anonymous,EN,1,18,2,,4,3,,3,,2,,1,50,1,,,,,1,,,,,,,,,,,,,,,,,,,,ClimateChange-Priming,Democratic_Debate-Video,Healthcare-Priming,Impeachment-Priming,cc_t1,debate_fox_t2,health_control,impeach_demapprove_t,employ_rate|gorsuch|secretary_state
11/24/19 13:08,11/24/19 13:10,0,14,73,0,12/1/19 13:10,R_2DTC6V8W28GtEdA,anonymous,EN,1,21,3,,,,,,,,,,,,,,,,,,,,,,,,,,,,,,,,,,,,,,,,,,,,
11/24/19 13:23,11/24/19 13:24,0,32,43,0,12/1/19 13:24,R_2fcXAkjDmxxMcrh,anonymous,EN,1,18,2,,4,2,,5,,,,,,,,,,,,,,,,,,,,,,,,,,,,,,,ClimateChange-Priming,,,,cc_t2,,,,
11/24/19 14:56,11/24/19 14:58,0,43,134,0,12/1/19 14:58,R_4NkObZLJYIao2it,anonymous,EN,1,18,2,,4,2,,6,,2,,,,,,,,,,,,,,,,,,,,,,,,,,,,,ClimateChange-Priming,Democratic_Debate-Video,,,cc_t1,debate_noah_t1,,,
11/24/19 15:59,11/24/19 16:01,0,43,93,0,12/1/19 16:01,R_3dKQwk5aypfEYYm,anonymous,EN,1,18,2,,5,2,,5,,1,,,,,,,,,,,,,,,,,,,,,,,,,,,,,ClimateChange-Priming,Democratic_Debate-Video,,,cc_t1,debate_fox_t2,,,
11/24/19 16:22,11/24/19 16:23,0,43,63,0,12/1/19 16:23,R_2wHzhcOQJRH7EyK,anonymous,EN,1,20,3,11,4,2,,3,,1,,,,,,,,,,,,,,,,,,,,,,,,,,,,,ClimateChange-Priming,Democratic_Debate-Video,,,cc_t1,debate_noah_t1,,,
11/24/19 18:12,11/24/19 18:15,0,89,179,0,12/1/19 18:15,R_10ZU8RcY1t2bogv,anonymous,EN,1,21,3,9,5,2,,7,,1,,4,69,1,,,,1,,,,,,,,,,,,,,,,,,,,,ClimateChange-Priming,Democratic_Debate-Video,Healthcare-Priming,Impeachment-Priming,cc_t1,debate_noah_t1,health_control,impeach_approve_t1,gorsuch|employ_rate|secretary_state
11/24/19 20:28,11/24/19 20:31,0,61,192,0,12/1/19 20:31,R_1ltJC2tHZAHe5Lb,anonymous,EN,1,18,2,,5,2,,6,,,2,5,60,,,,,,,,,,,,,,,,,,,,,,,,,,ClimateChange-Priming,Democratic_Debate-Video,Healthcare-Priming,,cc_t2,debate_noah_t1,health_approve_t1,,
11/24/19 21:49,11/24/19 21:50,0,43,62,0,12/1/19 21:50,R_1QfpIGY9uj0IWYM,anonymous,EN,1,21,2,,5,2,,5,,,1,,,,,,,,,,,,,,,,,,,,,,,,,,,,ClimateChange-Priming,Democratic_Debate-Video,,,cc_t2,debate_control,,,
12/2/19 12:28,12/2/19 12:34,0,100,384,1,12/2/19 12:34,R_33jWYELuq7RRZ3Z,email,EN,1,19,3,9,5,2,,5,1,,,1,85,,1,,1,,,"6,7,8,4,5,10",,4,5,1,2,3,,6,,,,,,3,4,3|2|1|4,2,2|1|3|4,ClimateChange-Priming,Democratic_Debate-Video,Healthcare-Priming,Impeachment-Priming,cc_control,debate_control,health_approve_t1,impeach_control,gorsuch|secretary_state|employ_rate
12/2/19 12:32,12/2/19 12:36,0,100,223,1,12/2/19 12:36,R_paZYoLqSC17EcQ9,email,EN,1,22,6,,3,2,,5,,2,,1,50,,,1,1,,,"1,6,7,5,10",1,,4,2,3,,,5,,,,,,,,3|1|4|2,,2|3|1|4,ClimateChange-Priming,Democratic_Debate-Video,Healthcare-Priming,Impeachment-Priming,cc_t1,debate_control,health_disapprove_t2,impeach_control,employ_rate|secretary_state|gorsuch
12/2/19 12:38,12/2/19 12:43,0,100,317,1,12/2/19 12:43,R_pgwp2z0oVbbTOQF,email,EN,1,26,5,,3,1,,2,2,,,1,60,,,2,2,,,"9,5,1,7,4",3,5,2,,4,,1,,,,,,,2,4,1|3|4|2,2,4|3|1|2,ClimateChange-Priming,Democratic_Debate-Video,Healthcare-Priming,Impeachment-Priming,cc_control,debate_fox_t2,health_disapprove_t2,impeach_control,gorsuch|secretary_state|employ_rate
12/2/19 12:39,12/2/19 12:44,0,100,304,1,12/2/19 12:44,R_2WCMWMuMWYlnPKe,email,EN,1,22,5,,2,3,,5,,2,,1,50,,,3,,2,,"1,4,10,9,5",1,2,5,,,,4,3,,,,,,2,1,1|4|2|3,2,2|4|3|1,ClimateChange-Priming,Democratic_Debate-Video,Healthcare-Priming,Impeachment-Priming,cc_t1,debate_noah_t1,health_disapprove_t2,impeach_approve_t1,secretary_state|gorsuch|employ_rate
12/2/19 12:40,12/2/19 12:45,0,100,336,1,12/2/19 12:45,R_2vhTvnRSTWvAbeW,email,EN,1,21,3,8,5,2,,6,,1,,1,60,,1,,,1,,"10,6,12,4,7,8,11,9",,4,,2,5,6,8,1,7,3,,,,1,2,2|3|1|4,4,3|4|1|2,ClimateChange-Priming,Democratic_Debate-Video,Healthcare-Priming,Impeachment-Priming,cc_t1,debate_fox_t2,health_approve_t1,impeach_approve_t1,employ_rate|secretary_state|gorsuch
12/2/19 12:42,12/2/19 12:46,1,100,268,1,12/2/19 12:46,R_1P7T0aKluK0ulJR,preview,EN,1,25,2,,3,3,,7,1,,,1,34,3,,,3,,,"13,1,9,10,6",2,,,5,,,3,4,,,,1,foreign relations ,1,4,3|4|2|1,3,4|1|2|3,ClimateChange-Priming,Democratic_Debate-Video,Healthcare-Priming,Impeachment-Priming,cc_control,debate_fox_t2,health_control,impeach_control,employ_rate|secretary_state|gorsuch
11/25/19 13:33,11/25/19 13:35,0,43,74,0,12/2/19 13:35,R_2qaYBKOxormnrLo,anonymous,EN,1,18,3,10,3,3,,1,,1,,,,,,,,,,,,,,,,,,,,,,,,,,,,,ClimateChange-Priming,Democratic_Debate-Video,,,cc_t1,debate_control,,,
12/2/19 13:38,12/2/19 13:45,0,100,417,1,12/2/19 13:45,R_2vizFUd6WBbJPqI,email,EN,1,21,3,9,5,2,,5,,3,,1,40,1,,,,1,,"8,10,7,4,11",,4,,,3,1,,2,5,,,,,2,4,3|1|4|2,1,1|4|3|2,ClimateChange-Priming,Democratic_Debate-Video,Healthcare-Priming,Impeachment-Priming,cc_t1,debate_fox_t2,health_control,impeach_approve_t1,employ_rate|gorsuch|secretary_state
12/2/19 14:03,12/2/19 14:08,0,100,314,1,12/2/19 14:08,R_3PKQVvSvmEnMJ1v,email,EN,1,31,4,,5,2,,6,,1,,3,70,,1,,1,,,"7,10,11,4,8",,4,,,1,5,,2,3,,,,,1,4,3|2|1|4,2,4|2|3|1,ClimateChange-Priming,Democratic_Debate-Video,Healthcare-Priming,Impeachment-Priming,cc_t1,debate_noah_t1,health_approve_t1,impeach_control,secretary_state|gorsuch|employ_rate
12/2/19 12:35,12/2/19 17:31,0,100,17776,1,12/2/19 17:31,R_2qa65ZDRPlY2K9u,email,EN,1,22,2,,3,3,,4,2,,,2,52,,,3,,,1,"5,6,7,8,14",,,1,2,3,4,,,,,5,,,3,2,1|2|3|4,1,3|1|4|2,ClimateChange-Priming,Democratic_Debate-Video,Healthcare-Priming,Impeachment-Priming,cc_control,debate_fox_t2,health_disapprove_t2,impeach_demapprove_t,gorsuch|employ_rate|secretary_state
12/3/19 8:11,12/3/19 8:15,0,100,217,1,12/3/19 8:15,R_YaC3E6mdmIYGtZT,email,EN,1,18,2,,2,1,,5,,1,,1,40,2,,,,,3,"9,1,5,4,8",2,4,3,,,5,1,,,,,,,3,4,3|2|1|4,2,3|4|2|1,ClimateChange-Priming,Democratic_Debate-Video,Healthcare-Priming,Impeachment-Priming,cc_t1,debate_fox_t2,health_control,impeach_demapprove_t,gorsuch|employ_rate|secretary_state
12/3/19 8:57,12/3/19 9:01,0,100,268,1,12/3/19 9:01,R_1f0ZdIhrSap1bjZ,anonymous,EN,1,22,3,9,3,3,,7,,1,,5,50,3,,,1,,,"10,9,11,5,4",,5,4,,,,2,1,3,,,,,2,4,3|4|2|1,1,1|3|4|2,ClimateChange-Priming,Democratic_Debate-Video,Healthcare-Priming,Impeachment-Priming,cc_t1,debate_control,health_control,impeach_control,gorsuch|employ_rate|secretary_state
11/26/19 10:05,11/26/19 10:05,0,14,23,0,12/3/19 10:05,R_1eUJkxHmnzlwcKe,email,EN,1,19,5,,,,,,,,,,,,,,,,,,,,,,,,,,,,,,,,,,,,,,,,,,,,
11/26/19 10:06,11/26/19 10:08,0,43,155,0,12/3/19 10:08,R_3nBLcM2UO0GjGn5,email,EN,1,19,3,10,4,3,,3,3,,,,,,,,,,,,,,,,,,,,,,,,,,,,,,ClimateChange-Priming,Democratic_Debate-Video,,,cc_control,debate_fox_t2,,,
11/26/19 11:04,11/26/19 11:04,0,14,41,0,12/3/19 11:04,R_12u1wXhRGtuAwba,anonymous,EN,1,20,2,,,,,,,,,,,,,,,,,,,,,,,,,,,,,,,,,,,,,,,,,,,,
11/26/19 11:29,11/26/19 11:30,0,86,98,0,12/3/19 11:31,R_72nS1c5c1E9ZD3z,anonymous,EN,1,21,5,,4,2,,5,1,,,2,,,,2,,1,,,,,,,,,,,,,,,,,,,,,ClimateChange-Priming,Democratic_Debate-Video,Healthcare-Priming,Impeachment-Priming,cc_control,debate_control,health_disapprove_t2,impeach_approve_t1,
11/26/19 11:28,11/26/19 12:26,0,4,3500,0,12/3/19 12:27,R_u7HvSOS9FQpYx7X,email,EN,1,,,,,,,,,,,,,,,,,,,,,,,,,,,,,,,,,,,,,,,,,,,,,,
11/26/19 15:22,11/26/19 15:28,0,89,345,0,12/3/19 15:28,R_1IQwnFHdTzekDqP,email,EN,1,26,3,9,3,3,,5,,,3,2,50,3,,,1,,,"1,6,12,8,7",1,,,2,5,4,,,,3,,,,,,,,,ClimateChange-Priming,Democratic_Debate-Video,Healthcare-Priming,Impeachment-Priming,cc_t2,debate_noah_t1,health_control,impeach_control,secretary_state|gorsuch|employ_rate
11/26/19 17:09,11/26/19 17:10,0,14,20,0,12/3/19 17:10,R_scCfzQmbeYXfxWp,anonymous,EN,1,18,3,,,,,,,,,,,,,,,,,,,,,,,,,,,,,,,,,,,,,,,,,,,,
11/26/19 18:21,11/26/19 18:23,0,43,142,0,12/3/19 18:23,R_2CDM0cf0EkI33uS,email,EN,1,23,5,,4,3,,3,,,3,,,,,,,,,,,,,,,,,,,,,,,,,,,,ClimateChange-Priming,Democratic_Debate-Video,,,cc_t2,debate_control,,,
11/26/19 19:38,11/26/19 19:40,0,43,149,0,12/3/19 19:40,R_tDQA91nMh3ORYxr,anonymous,EN,1,21,3,8,3,4,apolitical ,5,,,2,,,,,,,,,,,,,,,,,,,,,,,,,,,,ClimateChange-Priming,Democratic_Debate-Video,,,cc_t2,debate_control,,,
11/26/19 20:21,11/26/19 20:23,0,43,89,0,12/3/19 20:23,R_AMYJk2Ml4fMFk2Z,anonymous,EN,1,20,3,11,5,2,,5,2,,,,,,,,,,,,,,,,,,,,,,,,,,,,,,ClimateChange-Priming,Democratic_Debate-Video,,,cc_control,debate_noah_t1,,,
12/4/19 9:39,12/4/19 9:44,0,100,296,1,12/4/19 9:44,R_1n1rxb8AIRXAZlw,email,EN,1,20,2,,5,4,Socialist,5,,,3,4,20,,,2,,1,,"10,4,7,8,6",,2,,5,3,4,,1,,,,,,1,3,2|3|1|4,2,4|1|3|2,ClimateChange-Priming,Democratic_Debate-Video,Healthcare-Priming,Impeachment-Priming,cc_t2,debate_fox_t2,health_disapprove_t2,impeach_approve_t1,employ_rate|gorsuch|secretary_state
12/4/19 10:27,12/4/19 10:32,0,100,346,1,12/4/19 10:32,R_1NwtU3buqYH6BEJ,email,EN,1,21,5,,3,3,,6,3,,,3,30,,,1,,,2,"9,13,1,7,6",3,,,5,4,,1,,,,,2,Foreign Relations,1,4,3|2|4|1,2,1|3|4|2,ClimateChange-Priming,Democratic_Debate-Video,Healthcare-Priming,Impeachment-Priming,cc_control,debate_noah_t1,health_disapprove_t2,impeach_demapprove_t,employ_rate|gorsuch|secretary_state
12/1/19 20:50,12/1/19 20:51,0,82,78,0,12/8/19 20:51,R_2ByBgM8fGZcOOj7,anonymous,EN,1,21,3,9,4,2,,7,1,,,5,52,,3,,,1,,,,,,,,,,,,,,,,,,,,,ClimateChange-Priming,Democratic_Debate-Video,Healthcare-Priming,Impeachment-Priming,cc_control,debate_noah_t1,health_approve_t1,impeach_approve_t1,
12/2/19 21:26,12/2/19 21:28,0,61,85,0,12/9/19 21:28,R_1eITQoIFmzVd6fs,email,EN,1,24,5,,3,3,,3,,2,,1,,,,,,,,,,,,,,,,,,,,,,,,,,,ClimateChange-Priming,Democratic_Debate-Video,Healthcare-Priming,,cc_t1,debate_fox_t2,health_disapprove_t2,,
12/3/19 8:35,12/3/19 8:36,0,14,63,0,12/10/19 8:36,R_3R9DoBgMdEGofr2,email,ZH-S,1,22,5,,,,,,,,,,,,,,,,,,,,,,,,,,,,,,,,,,,,,,,,,,,,
12/3/19 13:40,12/3/19 13:44,0,14,246,0,12/10/19 13:44,R_SSMNfu1djMuUGXf,anonymous,EN,1,21,4,,,,,,,,,,,,,,,,,,,,,,,,,,,,,,,,,,,,,,,,,,,,